
{"event_id": 0, "out_len": 10725, "out_len_expected": 1024, "in_len": 476, "sampled_in_num": 472, "sampled_out_len": 1024, "first_chunk_time": 0.6724842078983784, "total_chunk_time": 66.12721057981253, "record_time": 12637800.41821762}